{
  "Total" : {
    "transaction" : "Total",
    "sampleCount" : 82,
    "errorCount" : 3,
    "errorPct" : 3.6585367,
    "meanResTime" : 370.6585365853659,
    "medianResTime" : 340.5,
    "minResTime" : 35.0,
    "maxResTime" : 796.0,
    "pct1ResTime" : 653.5,
    "pct2ResTime" : 688.7499999999999,
    "pct3ResTime" : 796.0,
    "throughput" : 7.828162291169451,
    "receivedKBytesPerSec" : 161.38406175417663,
    "sentKBytesPerSec" : 8.21198165274463
  },
  "List promotion" : {
    "transaction" : "List promotion",
    "sampleCount" : 82,
    "errorCount" : 3,
    "errorPct" : 3.6585367,
    "meanResTime" : 370.6585365853659,
    "medianResTime" : 340.5,
    "minResTime" : 35.0,
    "maxResTime" : 796.0,
    "pct1ResTime" : 653.5,
    "pct2ResTime" : 688.7499999999999,
    "pct3ResTime" : 796.0,
    "throughput" : 7.828162291169451,
    "receivedKBytesPerSec" : 161.38406175417663,
    "sentKBytesPerSec" : 8.21198165274463
  }
}