{
  "Total" : {
    "transaction" : "Total",
    "sampleCount" : 50,
    "errorCount" : 50,
    "errorPct" : 100.0,
    "meanResTime" : 37.980000000000004,
    "medianResTime" : 30.0,
    "minResTime" : 21.0,
    "maxResTime" : 88.0,
    "pct1ResTime" : 67.69999999999999,
    "pct2ResTime" : 83.14999999999998,
    "pct3ResTime" : 88.0,
    "throughput" : 10.066438494060801,
    "receivedKBytesPerSec" : 5.5738970958324945,
    "sentKBytesPerSec" : 10.961014571169722
  },
  "List promotion" : {
    "transaction" : "List promotion",
    "sampleCount" : 50,
    "errorCount" : 50,
    "errorPct" : 100.0,
    "meanResTime" : 37.980000000000004,
    "medianResTime" : 30.0,
    "minResTime" : 21.0,
    "maxResTime" : 88.0,
    "pct1ResTime" : 67.69999999999999,
    "pct2ResTime" : 83.14999999999998,
    "pct3ResTime" : 88.0,
    "throughput" : 10.066438494060801,
    "receivedKBytesPerSec" : 5.5738970958324945,
    "sentKBytesPerSec" : 10.961014571169722
  }
}